,k,M,N,DHM_stat,C_equivalent,MSE
0,10,1000,1,,[-100.],0.0022155090160298377
1,10,10000,1,65.1325002862566,[0.10258416],0.002476122270589403
2,10,50000,1,40.851257863824024,[0.08067412],0.002428368754310851
3,10,100000,1,46.97341066752621,[0.08647405],0.0024001477621123954
