Variable,MeanValue
k,2.61343995173363
c,1.06958637877715
z,0.997694556429905
